name,brand,category,subcategory,price,mrp,stock,packSize,description,prescription,imageUrl
Crocin 500mg Tablet,GSK,allopathic-medicines,,18,22,200,Strip of 10,Paracetamol pain and fever relief,false,https://images.unsplash.com/photo-1631549916768-4119b2e5f926?w=600
Dolo 650 Tablet,Micro Labs,allopathic-medicines,,30,35,180,Strip of 15,Paracetamol 650mg fever relief,false,https://images.unsplash.com/photo-1471864190281-a93a3070b6de?w=600
Azithral 500 Tablet,Alembic,allopathic-medicines,,85,99,120,Strip of 5,Antibiotic azithromycin 500mg,true,https://images.unsplash.com/photo-1587854692152-cbe660dbde88?w=600
Pantop 40 Tablet,Aristo,allopathic-medicines,,95,110,150,Strip of 15,Pantoprazole acidity relief,false,https://images.unsplash.com/photo-1550572017-edd951b55104?w=600
Cetrizine 10mg Tablet,Cipla,allopathic-medicines,,15,20,300,Strip of 10,Anti-allergy antihistamine,false,https://images.unsplash.com/photo-1471864190281-a93a3070b6de?w=600
Patanjali Divya Madhunashini Vati,Patanjali,ayurvedic-medicines,,180,220,80,Bottle of 120 tablets,Ayurvedic diabetes management,false,https://images.unsplash.com/photo-1584308666744-24d5c474f2ae?w=600
Dabur Chyawanprash,Dabur,ayurvedic-medicines,,395,450,60,500g jar,Immunity booster Chyawanprash,false,https://images.unsplash.com/photo-1587854692152-cbe660dbde88?w=600
Himalaya Liv 52 Tablet,Himalaya,ayurvedic-medicines,,160,180,90,Bottle of 100,Liver health and detox support,false,https://images.unsplash.com/photo-1471864190281-a93a3070b6de?w=600
Zandu Pancharishta,Zandu,ayurvedic-medicines,,210,240,75,450ml bottle,Digestive tonic ayurvedic,false,https://images.unsplash.com/photo-1550572017-edd951b55104?w=600
SBL Arnica Montana 30,SBL,homeopathic-medicines,,75,90,100,30ml dilution,Bruises and muscle soreness,false,https://images.unsplash.com/photo-1631549916768-4119b2e5f926?w=600
Schwabe Alpha-WD Drops,Schwabe,homeopathic-medicines,,135,160,70,30ml drops,Worm infestation treatment,false,https://images.unsplash.com/photo-1584308666744-24d5c474f2ae?w=600
Bakson Sinarest Tablet,Bakson,homeopathic-medicines,,95,115,85,25 tablets,Sinusitis and cold relief,false,https://images.unsplash.com/photo-1587854692152-cbe660dbde88?w=600
Surgical Cotton Roll,Datt,surgical-items,,55,70,250,500g roll,Absorbent cotton wool,false,https://images.unsplash.com/photo-1631549916768-4119b2e5f926?w=600
Disposable Face Mask,3M,surgical-items,,180,250,400,Box of 50,3-ply surgical mask,false,https://images.unsplash.com/photo-1584308666744-24d5c474f2ae?w=600
Nitrile Examination Gloves,Medline,surgical-items,,420,499,150,Box of 100 medium,Powder-free nitrile gloves,false,https://images.unsplash.com/photo-1587854692152-cbe660dbde88?w=600
Surgical Tape,3M,surgical-items,,85,99,200,1 inch x 9m,Microporous paper tape,false,https://images.unsplash.com/photo-1471864190281-a93a3070b6de?w=600
Tynor Knee Cap,Tynor,orthopedic-products,,450,599,80,Pair Medium,Knee support brace,false,https://images.unsplash.com/photo-1550572017-edd951b55104?w=600
Tynor Cervical Collar Soft,Tynor,orthopedic-products,,395,499,60,Medium,Soft cervical collar with chin support,false,https://images.unsplash.com/photo-1631549916768-4119b2e5f926?w=600
Vissco Lumbar Sacro Belt,Vissco,orthopedic-products,,899,1199,40,Large,Lumbar back support belt,false,https://images.unsplash.com/photo-1584308666744-24d5c474f2ae?w=600
Lifeware Wrist Splint,Lifeware,orthopedic-products,,520,650,45,Right hand medium,Wrist immobilization splint,false,https://images.unsplash.com/photo-1587854692152-cbe660dbde88?w=600
Braceon Ankle Support,Braceon,orthopedic-products,,380,450,55,Pair Large,Elastic ankle support,false,https://images.unsplash.com/photo-1471864190281-a93a3070b6de?w=600
Vissco Folding Walker,Vissco,mobility-aids,walker-chair,3499,4500,20,1 unit,Adjustable folding walker chair,false,https://images.unsplash.com/photo-1550572017-edd951b55104?w=600
Tynor Wheelchair Standard,Tynor,mobility-aids,,8999,10999,15,1 unit,Foldable steel wheelchair,false,https://images.unsplash.com/photo-1631549916768-4119b2e5f926?w=600
Lifeware Walking Stick,Lifeware,mobility-aids,,799,999,40,1 unit Adjustable,Aluminum walking cane,false,https://images.unsplash.com/photo-1584308666744-24d5c474f2ae?w=600
Commode Chair Folding,Vissco,medical-utilities,commode-chair-stool,2499,2999,25,1 unit,Foldable commode chair with bucket,false,https://images.unsplash.com/photo-1587854692152-cbe660dbde88?w=600
Male Urine Pot,Romsons,medical-utilities,urine-pot,149,199,120,1 litre,Plastic urinal for male,false,https://images.unsplash.com/photo-1471864190281-a93a3070b6de?w=600
Female Urine Pot,Romsons,medical-utilities,urine-pot,159,219,100,1 litre,Anatomical female urinal,false,https://images.unsplash.com/photo-1550572017-edd951b55104?w=600
Bedpan Stainless Steel,Hicks,medical-utilities,,599,799,30,Standard,Stainless steel bedpan,false,https://images.unsplash.com/photo-1631549916768-4119b2e5f926?w=600
Insulin Glargine 100IU,Lantus,life-saving-drugs,,1850,2100,50,3ml pen,Long-acting insulin,true,https://images.unsplash.com/photo-1584308666744-24d5c474f2ae?w=600
Adrenaline Injection,Cipla,life-saving-drugs,,95,120,200,1ml ampoule,Emergency epinephrine,true,https://images.unsplash.com/photo-1587854692152-cbe660dbde88?w=600
Ecosprin 75mg,USV,life-saving-drugs,,12,15,400,Strip of 14,Aspirin cardio prophylaxis,true,https://images.unsplash.com/photo-1471864190281-a93a3070b6de?w=600
Maybelline Lipstick Set,Maybelline,cosmetics,,799,999,80,Pack of 3,Matte finish lipsticks,false,https://images.unsplash.com/photo-1550572017-edd951b55104?w=600
Lakme Eyeliner,Lakme,cosmetics,,225,275,150,3.5ml,Long-lasting black eyeliner,false,https://images.unsplash.com/photo-1631549916768-4119b2e5f926?w=600
Lotus Compact Powder,Lotus,cosmetics,,420,499,90,10g,Translucent face powder,false,https://images.unsplash.com/photo-1584308666744-24d5c474f2ae?w=600
Stethoscope Single Head,Littmann,professional-healthcare-products,,2999,3499,30,1 unit,Classic II SE stethoscope,false,https://images.unsplash.com/photo-1587854692152-cbe660dbde88?w=600
BP Monitor Digital,Omron,professional-healthcare-products,,1899,2299,50,1 unit,Automatic upper arm BP monitor,false,https://images.unsplash.com/photo-1471864190281-a93a3070b6de?w=600
Pulse Oximeter Fingertip,Beurer,professional-healthcare-products,,1299,1599,80,1 unit,SpO2 and pulse rate monitor,false,https://images.unsplash.com/photo-1550572017-edd951b55104?w=600
Glucometer Accu-Chek Active,Roche,professional-healthcare-products,,1499,1799,60,Kit with 10 strips,Blood glucose monitoring kit,false,https://images.unsplash.com/photo-1631549916768-4119b2e5f926?w=600
Cetaphil Gentle Skin Cleanser,Cetaphil,skin-care,face-wash,499,599,150,250ml bottle,Gentle daily face wash for sensitive skin,false,https://images.unsplash.com/photo-1584308666744-24d5c474f2ae?w=600
Cetaphil Moisturising Cream,Cetaphil,skin-care,moisturizers,799,899,120,250g jar,Rich moisturizer for dry skin,false,https://images.unsplash.com/photo-1587854692152-cbe660dbde88?w=600
Minimalist 10% Vitamin C Serum,Minimalist,skin-care,serums,599,699,180,30ml dropper,Brightening face serum with vitamin C,false,https://images.unsplash.com/photo-1471864190281-a93a3070b6de?w=600
Minimalist 2% Salicylic Acid,Minimalist,skin-care,acne-care,499,599,160,30ml,Acne and blemish control serum,false,https://images.unsplash.com/photo-1550572017-edd951b55104?w=600
Mamaearth Vitamin C Sunscreen,Mamaearth,skin-care,sunscreen,399,499,200,80g,SPF 50 PA+++ daily sunscreen,false,https://images.unsplash.com/photo-1631549916768-4119b2e5f926?w=600
Mamaearth Ubtan Face Wash,Mamaearth,skin-care,face-wash,249,299,250,100ml,Tan removal face wash with turmeric,false,https://images.unsplash.com/photo-1584308666744-24d5c474f2ae?w=600
Sebamed Clear Face Wash,Sebamed,skin-care,face-wash,499,599,140,150ml,pH 5.5 cleanser for acne-prone skin,false,https://images.unsplash.com/photo-1587854692152-cbe660dbde88?w=600
Plum Green Tea Toner,Plum,skin-care,serums,425,475,110,200ml,Alcohol-free pore-tightening toner,false,https://images.unsplash.com/photo-1471864190281-a93a3070b6de?w=600
The Derma Co Niacinamide Serum,The Derma Co,skin-care,serums,549,649,170,30ml,10% niacinamide for blemishes,false,https://images.unsplash.com/photo-1550572017-edd951b55104?w=600
Nivea Soft Light Moisturizer,Nivea,skin-care,moisturizers,225,275,300,200ml,Daily light moisturizer with vitamin E,false,https://images.unsplash.com/photo-1631549916768-4119b2e5f926?w=600
Pond's White Beauty Cream,Pond's,skin-care,moisturizers,180,225,280,50g,Daily fairness day cream,false,https://images.unsplash.com/photo-1584308666744-24d5c474f2ae?w=600
Pedigree Adult Chicken Dog Food,Pedigree,pet-food,,899,999,90,3kg pack,Complete nutrition for adult dogs,false,https://images.unsplash.com/photo-1587854692152-cbe660dbde88?w=600
Pedigree Puppy Dog Food,Pedigree,pet-food,,649,749,75,1.2kg pack,Puppy growth and immunity formula,false,https://images.unsplash.com/photo-1471864190281-a93a3070b6de?w=600
Purepet Adult Dog Food Chicken,Purepet,pet-food,,549,649,120,3kg pack,Adult dog dry food chicken flavor,false,https://images.unsplash.com/photo-1550572017-edd951b55104?w=600
Purepet Cat Food Ocean Fish,Purepet,pet-food,,449,549,80,1.2kg,Adult cat dry food ocean fish,false,https://images.unsplash.com/photo-1631549916768-4119b2e5f926?w=600
